suite,condition,seed,train_n,test_n,method,mechanism,repair_library_size,success_threshold,severity,nuisance_strength,n,success_rate,mean_final_error,p95_final_error,mean_reward,mean_regret,p95_regret,repair_accuracy,mechanism_accuracy,unknown_reject_rate
main_sweep,uniform,7100,650,900,nominal_no_adaptation,gain,5,0.07,1.0,1.0,232,1.0,0.025112939966674186,0.03886294616513075,-0.0518111013880877,0.024287066998362722,0.037298586465103284,0.0,,
main_sweep,uniform,7100,650,900,random_repair,gain,5,0.07,1.0,1.0,232,0.8189655172413793,0.0345919527978089,0.09882556682462074,-0.06102412663776841,0.033500092248043414,0.09584448801451366,0.20689655172413793,,
main_sweep,uniform,7100,650,900,single_robust_repair,gain,5,0.07,1.0,1.0,232,0.6939655172413793,0.06189312424389291,0.08596251718057346,-0.08757229318333501,0.06004825879360998,0.08296950369346401,0.0,,
main_sweep,uniform,7100,650,900,passive_stat_coarse,gain,5,0.07,1.0,1.0,232,1.0,0.012701437129617089,0.021843894578336354,-0.03974479116421841,0.012220756774493463,0.02079576744641541,0.0,,
main_sweep,uniform,7100,650,900,passive_stat_medium,gain,5,0.07,1.0,1.0,232,1.0,0.00012702295399401702,0.0003976047925283721,-0.027524034389724998,0.0,0.0,1.0,,
main_sweep,uniform,7100,650,900,passive_stat_fine,gain,5,0.07,1.0,1.0,232,0.9827586206896551,0.0022387436204553586,0.00946376422720685,-0.029573068945731504,0.0020490345560065133,0.009177210098299238,0.9310344827586207,,
main_sweep,uniform,7100,650,900,passive_vector_nn,gain,5,0.07,1.0,1.0,232,1.0,0.00012702295399401702,0.0003976047925283721,-0.027524034389724998,0.0,0.0,1.0,1.0,0.0
main_sweep,uniform,7100,650,900,nuisance_nearest_neighbor,gain,5,0.07,1.0,1.0,232,0.8318965517241379,0.034241655439556026,0.11344450812891282,-0.06068236163653876,0.03315832724681379,0.10986483619814708,0.29310344827586204,0.29310344827586204,0.0
main_sweep,uniform,7100,650,900,probe_nearest_neighbor,gain,5,0.07,1.0,1.0,232,1.0,0.00012702295399401702,0.0003976047925283721,-0.027524034389724998,0.0,0.0,1.0,1.0,0.0
main_sweep,uniform,7100,650,900,gain_only_sysid,gain,5,0.07,1.0,1.0,232,1.0,0.00012702295399401702,0.0003976047925283721,-0.027524034389724998,0.0,0.0,1.0,,
main_sweep,uniform,7100,650,900,mechanism_first,gain,5,0.07,1.0,1.0,232,1.0,0.00012702295399401702,0.0003976047925283721,-0.027524034389724998,0.0,0.0,1.0,1.0,0.0
main_sweep,uniform,7100,650,900,mechanism_oracle,gain,5,0.07,1.0,1.0,232,1.0,0.00012702295399401702,0.0003976047925283721,-0.027524034389724998,0.0,0.0,1.0,1.0,0.0
main_sweep,uniform,7100,650,900,oracle_best_repair,gain,5,0.07,1.0,1.0,232,1.0,0.00012702295399401702,0.0003976047925283721,-0.027524034389724998,0.0,0.0,1.0,,
main_sweep,uniform,7100,650,900,nominal_no_adaptation,slip,5,0.07,1.0,1.0,213,0.6431924882629108,0.1646512830541218,0.7225689663066384,-0.2068073319773011,0.19180249050530124,0.7627641248346384,0.0,,
main_sweep,uniform,7100,650,900,random_repair,slip,5,0.07,1.0,1.0,213,0.7230046948356808,0.19705109190664796,1.0,-0.2376256491103218,0.22262080763832187,1.0853587948916363,0.18779342723004694,,
main_sweep,uniform,7100,650,900,single_robust_repair,slip,5,0.07,1.0,1.0,213,1.0,0.008207073727853805,0.022876708043710114,-0.031315183839522615,0.016310342367522594,0.03807397159124053,0.0,,
main_sweep,uniform,7100,650,900,passive_stat_coarse,slip,5,0.07,1.0,1.0,213,1.0,0.010619674124509289,0.03020505108992777,-0.04722930779687252,0.03222446632487249,0.06169679628375986,0.0,,
main_sweep,uniform,7100,650,900,passive_stat_medium,slip,5,0.07,1.0,1.0,213,1.0,0.0004033586673037094,4.915200000010778e-06,-0.015662039069090517,0.0006571975970905401,0.0,0.9812206572769953,,
main_sweep,uniform,7100,650,900,passive_stat_fine,slip,5,0.07,1.0,1.0,213,1.0,0.0031147502709397193,0.019723619379175994,-0.020577287263978075,0.005572445791978116,0.03405263334797842,0.8028169014084507,,
main_sweep,uniform,7100,650,900,passive_vector_nn,slip,5,0.07,1.0,1.0,213,1.0,4.915200000010778e-06,4.915200000010778e-06,-0.01500484147199998,0.0,0.0,1.0,1.0,0.0
main_sweep,uniform,7100,650,900,nuisance_nearest_neighbor,slip,5,0.07,1.0,1.0,213,0.6619718309859155,0.3066864684889666,1.0,-0.35459914890904776,0.33959430743704705,1.0853587948916363,0.22535211267605634,0.22535211267605634,0.0
main_sweep,uniform,7100,650,900,probe_nearest_neighbor,slip,5,0.07,1.0,1.0,213,1.0,4.915200000010778e-06,4.915200000010778e-06,-0.01500484147199998,0.0,0.0,1.0,1.0,0.0
main_sweep,uniform,7100,650,900,gain_only_sysid,slip,5,0.07,1.0,1.0,213,0.6431924882629108,0.20213573912638877,1.0,-0.24940963767766236,0.23440479620566224,1.0853587948916363,0.0,,
main_sweep,uniform,7100,650,900,mechanism_first,slip,5,0.07,1.0,1.0,213,1.0,4.915200000010778e-06,4.915200000010778e-06,-0.01500484147199998,0.0,0.0,1.0,1.0,0.0
main_sweep,uniform,7100,650,900,mechanism_oracle,slip,5,0.07,1.0,1.0,213,1.0,4.915200000010778e-06,4.915200000010778e-06,-0.01500484147199998,0.0,0.0,1.0,1.0,0.0
main_sweep,uniform,7100,650,900,oracle_best_repair,slip,5,0.07,1.0,1.0,213,1.0,4.915200000010778e-06,4.915200000010778e-06,-0.01500484147199998,0.0,0.0,1.0,,
main_sweep,uniform,7100,650,900,nominal_no_adaptation,compliance,5,0.07,1.0,1.0,219,1.0,0.0013175968343777866,0.0023933761497727524,-0.023841569738492708,0.0010108349665317443,0.0017400106365366395,0.0,,
main_sweep,uniform,7100,650,900,random_repair,compliance,5,0.07,1.0,1.0,219,1.0,0.003631020505091892,0.013576555355100273,-0.026698689784375184,0.003867955012414218,0.012781389010281707,0.1735159817351598,,
main_sweep,uniform,7100,650,900,single_robust_repair,compliance,5,0.07,1.0,1.0,219,1.0,0.010644420961609481,0.016191240092311654,-0.03300795457874923,0.010177219806788259,0.015291058657833263,0.0,,
main_sweep,uniform,7100,650,900,passive_stat_coarse,compliance,5,0.07,1.0,1.0,219,1.0,0.0002889617713446921,0.0006202645251096595,-0.022830734771960955,0.0,0.0,1.0,,
main_sweep,uniform,7100,650,900,passive_stat_medium,compliance,5,0.07,1.0,1.0,219,1.0,0.00013667070029559786,0.0006202645251096595,-0.02525297820894131,0.00242224343698034,0.00518335125947483,0.3287671232876712,,
main_sweep,uniform,7100,650,900,passive_stat_fine,compliance,5,0.07,1.0,1.0,219,1.0,0.00023470096213997618,0.0006202645251096595,-0.023462272994817866,0.0006315382228569032,0.00383450868133324,0.8036529680365296,,
main_sweep,uniform,7100,650,900,passive_vector_nn,compliance,5,0.07,1.0,1.0,219,1.0,0.0002889617713446921,0.0006202645251096595,-0.022830734771960955,0.0,0.0,1.0,1.0,0.0
main_sweep,uniform,7100,650,900,nuisance_nearest_neighbor,compliance,5,0.07,1.0,1.0,219,1.0,0.004227278184652527,0.014771586610161647,-0.02780773171494038,0.004976996942979401,0.013924057899167848,0.2511415525114155,0.2511415525114155,0.0
main_sweep,uniform,7100,650,900,probe_nearest_neighbor,compliance,5,0.07,1.0,1.0,219,1.0,0.0002889617713446921,0.0006202645251096595,-0.022830734771960955,0.0,0.0,1.0,1.0,0.0
main_sweep,uniform,7100,650,900,gain_only_sysid,compliance,5,0.07,1.0,1.0,219,1.0,4.1247134975356075e-06,1.638509503076868e-05,-0.0261978491446578,0.0033671143726968305,0.005281633802216537,0.0,,
main_sweep,uniform,7100,650,900,mechanism_first,compliance,5,0.07,1.0,1.0,219,1.0,0.0002889617713446921,0.0006202645251096595,-0.022830734771960955,0.0,0.0,1.0,1.0,0.0
main_sweep,uniform,7100,650,900,mechanism_oracle,compliance,5,0.07,1.0,1.0,219,1.0,0.0002889617713446921,0.0006202645251096595,-0.022830734771960955,0.0,0.0,1.0,1.0,0.0
main_sweep,uniform,7100,650,900,oracle_best_repair,compliance,5,0.07,1.0,1.0,219,1.0,0.0002889617713446921,0.0006202645251096595,-0.022830734771960955,0.0,0.0,1.0,,
main_sweep,uniform,7100,650,900,nominal_no_adaptation,delay,5,0.07,1.0,1.0,236,0.0,0.19675060921261694,0.23417466434875056,-0.2271726169717718,0.20499685449888905,0.24731775015128019,0.0,,
main_sweep,uniform,7100,650,900,random_repair,delay,5,0.07,1.0,1.0,236,0.3305084745762712,0.11821963112952137,0.21711804453863948,-0.16239157786110736,0.14021581538822453,0.22838203533394816,0.17796610169491525,,
main_sweep,uniform,7100,650,900,single_robust_repair,delay,5,0.07,1.0,1.0,236,1.0,0.006699972687173696,0.01097102870396749,-0.022175762472882672,0.0,0.0,1.0,,
main_sweep,uniform,7100,650,900,passive_stat_coarse,delay,5,0.07,1.0,1.0,236,1.0,0.006699972687173696,0.01097102870396749,-0.022175762472882672,0.0,0.0,1.0,,
main_sweep,uniform,7100,650,900,passive_stat_medium,delay,5,0.07,1.0,1.0,236,1.0,0.006699972687173696,0.01097102870396749,-0.022175762472882672,0.0,0.0,1.0,,
main_sweep,uniform,7100,650,900,passive_stat_fine,delay,5,0.07,1.0,1.0,236,1.0,0.006699972687173696,0.01097102870396749,-0.022175762472882672,0.0,0.0,1.0,,
main_sweep,uniform,7100,650,900,passive_vector_nn,delay,5,0.07,1.0,1.0,236,1.0,0.006699972687173696,0.01097102870396749,-0.022175762472882672,0.0,0.0,1.0,1.0,0.0
main_sweep,uniform,7100,650,900,nuisance_nearest_neighbor,delay,5,0.07,1.0,1.0,236,0.4957627118644068,0.08942244819043016,0.18471433154290073,-0.132970121533284,0.11079435906040136,0.20171805585348365,0.2796610169491525,0.2796610169491525,0.0
main_sweep,uniform,7100,650,900,probe_nearest_neighbor,delay,5,0.07,1.0,1.0,236,1.0,0.006699972687173696,0.01097102870396749,-0.022175762472882672,0.0,0.0,1.0,1.0,0.0
main_sweep,uniform,7100,650,900,gain_only_sysid,delay,5,0.07,1.0,1.0,236,0.9745762711864406,0.02632363759009345,0.05937331490335118,-0.10643138670100794,0.08425562422812524,0.11288707947708493,0.0,,
main_sweep,uniform,7100,650,900,mechanism_first,delay,5,0.07,1.0,1.0,236,1.0,0.006699972687173696,0.01097102870396749,-0.022175762472882672,0.0,0.0,1.0,1.0,0.0
main_sweep,uniform,7100,650,900,mechanism_oracle,delay,5,0.07,1.0,1.0,236,1.0,0.006699972687173696,0.01097102870396749,-0.022175762472882672,0.0,0.0,1.0,1.0,0.0
main_sweep,uniform,7100,650,900,oracle_best_repair,delay,5,0.07,1.0,1.0,236,1.0,0.006699972687173696,0.01097102870396749,-0.022175762472882672,0.0,0.0,1.0,,
main_sweep,uniform,7101,650,900,nominal_no_adaptation,delay,5,0.07,1.0,1.0,244,0.0,0.19976428458239595,0.23448079173081948,-0.23021161262966308,0.20846046654854927,0.24765472981384415,0.0,,
main_sweep,uniform,7101,650,900,random_repair,delay,5,0.07,1.0,1.0,244,0.4344262295081967,0.10218089014691216,0.2179862095036238,-0.1472956748500302,0.12554452876891606,0.22935358355239294,0.22950819672131148,,
main_sweep,uniform,7101,650,900,single_robust_repair,delay,5,0.07,1.0,1.0,244,1.0,0.006332075189397438,0.011075972874105888,-0.021751146081114045,0.0,0.0,1.0,,
main_sweep,uniform,7101,650,900,passive_stat_coarse,delay,5,0.07,1.0,1.0,244,1.0,0.006332075189397438,0.011075972874105888,-0.021751146081114045,0.0,0.0,1.0,,
main_sweep,uniform,7101,650,900,passive_stat_medium,delay,5,0.07,1.0,1.0,244,1.0,0.006332075189397438,0.011075972874105888,-0.021751146081114045,0.0,0.0,1.0,,
main_sweep,uniform,7101,650,900,passive_stat_fine,delay,5,0.07,1.0,1.0,244,1.0,0.006332075189397438,0.011075972874105888,-0.021751146081114045,0.0,0.0,1.0,,
main_sweep,uniform,7101,650,900,passive_vector_nn,delay,5,0.07,1.0,1.0,244,1.0,0.006332075189397438,0.011075972874105888,-0.021751146081114045,0.0,0.0,1.0,1.0,0.0
main_sweep,uniform,7101,650,900,nuisance_nearest_neighbor,delay,5,0.07,1.0,1.0,244,0.5409836065573771,0.07978616195010355,0.1842451982987311,-0.12443807562877117,0.10268692954765703,0.2035511097268351,0.3237704918032787,0.3237704918032787,0.0
main_sweep,uniform,7101,650,900,probe_nearest_neighbor,delay,5,0.07,1.0,1.0,244,1.0,0.006332075189397438,0.011075972874105888,-0.021751146081114045,0.0,0.0,1.0,1.0,0.0
main_sweep,uniform,7101,650,900,gain_only_sysid,delay,5,0.07,1.0,1.0,244,0.9713114754098361,0.024553338145409363,0.06202622659915691,-0.10459074310706189,0.08283959702594791,0.11539592880607341,0.0,,
main_sweep,uniform,7101,650,900,mechanism_first,delay,5,0.07,1.0,1.0,244,1.0,0.006332075189397438,0.011075972874105888,-0.021751146081114045,0.0,0.0,1.0,1.0,0.0
main_sweep,uniform,7101,650,900,mechanism_oracle,delay,5,0.07,1.0,1.0,244,1.0,0.006332075189397438,0.011075972874105888,-0.021751146081114045,0.0,0.0,1.0,1.0,0.0
main_sweep,uniform,7101,650,900,oracle_best_repair,delay,5,0.07,1.0,1.0,244,1.0,0.006332075189397438,0.011075972874105888,-0.021751146081114045,0.0,0.0,1.0,,
main_sweep,uniform,7101,650,900,nominal_no_adaptation,slip,5,0.07,1.0,1.0,223,0.7174887892376681,0.12569993003187865,0.6112830343764508,-0.1664344209777142,0.15142957950571398,0.6514781929044509,0.0,,
main_sweep,uniform,7101,650,900,random_repair,slip,5,0.07,1.0,1.0,223,0.6860986547085202,0.2366737088441702,1.0,-0.28121610920740003,0.2662112677353999,1.0853587948916363,0.20179372197309417,,
main_sweep,uniform,7101,650,900,single_robust_repair,slip,5,0.07,1.0,1.0,223,1.0,0.007108110841658273,0.01751993341518976,-0.029541979084930132,0.014537137612930118,0.03114444032759663,0.0,,
main_sweep,uniform,7101,650,900,passive_stat_coarse,slip,5,0.07,1.0,1.0,223,1.0,0.009460876127809421,0.027972851644941343,-0.04691228330914954,0.031907441837149546,0.06155771536924065,0.0,,
main_sweep,uniform,7101,650,900,passive_stat_medium,slip,5,0.07,1.0,1.0,223,1.0,4.883549067915071e-05,4.915200000010778e-06,-0.015095161065344908,9.031959334493002e-05,0.0,0.9955156950672646,,
main_sweep,uniform,7101,650,900,passive_stat_fine,slip,5,0.07,1.0,1.0,223,1.0,0.0014891290189656366,0.012149914931496197,-0.017911519126965734,0.0029066776549657616,0.023902107974051987,0.8609865470852018,,
main_sweep,uniform,7101,650,900,passive_vector_nn,slip,5,0.07,1.0,1.0,223,1.0,4.915200000010778e-06,4.915200000010778e-06,-0.015004841471999977,0.0,0.0,1.0,1.0,0.0
main_sweep,uniform,7101,650,900,nuisance_nearest_neighbor,slip,5,0.07,1.0,1.0,223,0.6547085201793722,0.29970982727727374,1.0,-0.3468240913623869,0.3318192498903862,1.0853587948916363,0.31390134529147984,0.31390134529147984,0.0
main_sweep,uniform,7101,650,900,probe_nearest_neighbor,slip,5,0.07,1.0,1.0,223,1.0,4.915200000010778e-06,4.915200000010778e-06,-0.015004841471999977,0.0,0.0,1.0,1.0,0.0
main_sweep,uniform,7101,650,900,gain_only_sysid,slip,5,0.07,1.0,1.0,223,0.7174887892376681,0.1742749829519812,1.0,-0.21974795817878226,0.20474311670678208,1.0853587948916363,0.0,,
main_sweep,uniform,7101,650,900,mechanism_first,slip,5,0.07,1.0,1.0,223,1.0,4.915200000010778e-06,4.915200000010778e-06,-0.015004841471999977,0.0,0.0,1.0,1.0,0.0
main_sweep,uniform,7101,650,900,mechanism_oracle,slip,5,0.07,1.0,1.0,223,1.0,4.915200000010778e-06,4.915200000010778e-06,-0.015004841471999977,0.0,0.0,1.0,1.0,0.0
main_sweep,uniform,7101,650,900,oracle_best_repair,slip,5,0.07,1.0,1.0,223,1.0,4.915200000010778e-06,4.915200000010778e-06,-0.015004841471999977,0.0,0.0,1.0,,
main_sweep,uniform,7101,650,900,nominal_no_adaptation,compliance,5,0.07,1.0,1.0,212,1.0,0.001265894672890916,0.002384718982417766,-0.02375189855433788,0.0009749696806607157,0.0017282733831205307,0.0,,
main_sweep,uniform,7101,650,900,random_repair,compliance,5,0.07,1.0,1.0,212,1.0,0.0033387102778993432,0.012141894211129434,-0.02655875302448539,0.003781824150808228,0.01146316539929652,0.25943396226415094,,
main_sweep,uniform,7101,650,900,single_robust_repair,compliance,5,0.07,1.0,1.0,212,1.0,0.010413963285852725,0.015594802371329264,-0.03274321775216606,0.009966288878488898,0.014693424771077889,0.0,,
main_sweep,uniform,7101,650,900,passive_stat_coarse,compliance,5,0.07,1.0,1.0,212,1.0,0.000273825312705545,0.000622059583319956,-0.022776928873677188,0.0,0.0,1.0,,
main_sweep,uniform,7101,650,900,passive_stat_medium,compliance,5,0.07,1.0,1.0,212,1.0,0.00013335703837786964,0.0005927644530869802,-0.025295845729269063,0.002518916855591892,0.005080216140433882,0.330188679245283,,
main_sweep,uniform,7101,650,900,passive_stat_fine,compliance,5,0.07,1.0,1.0,212,1.0,0.00023119997827308577,0.0005927644530869802,-0.023270287101415387,0.0004933582277382011,0.003829824307908538,0.8490566037735849,,
main_sweep,uniform,7101,650,900,passive_vector_nn,compliance,5,0.07,1.0,1.0,212,1.0,0.000273825312705545,0.000622059583319956,-0.022776928873677188,0.0,0.0,1.0,1.0,0.0
main_sweep,uniform,7101,650,900,nuisance_nearest_neighbor,compliance,5,0.07,1.0,1.0,212,1.0,0.0036990611178990686,0.013545552275094686,-0.027337891062603047,0.00456096218892586,0.012830753221135874,0.2358490566037736,0.2358490566037736,0.0
main_sweep,uniform,7101,650,900,probe_nearest_neighbor,compliance,5,0.07,1.0,1.0,212,1.0,0.000273825312705545,0.000622059583319956,-0.022776928873677188,0.0,0.0,1.0,1.0,0.0
main_sweep,uniform,7101,650,900,gain_only_sysid,compliance,5,0.07,1.0,1.0,212,1.0,4.334004394452275e-06,1.509759825402135e-05,-0.02625769923954851,0.0034807703658713434,0.0051040525948343185,0.0,,
main_sweep,uniform,7101,650,900,mechanism_first,compliance,5,0.07,1.0,1.0,212,1.0,0.000273825312705545,0.000622059583319956,-0.022776928873677188,0.0,0.0,1.0,1.0,0.0
main_sweep,uniform,7101,650,900,mechanism_oracle,compliance,5,0.07,1.0,1.0,212,1.0,0.000273825312705545,0.000622059583319956,-0.022776928873677188,0.0,0.0,1.0,1.0,0.0
main_sweep,uniform,7101,650,900,oracle_best_repair,compliance,5,0.07,1.0,1.0,212,1.0,0.000273825312705545,0.000622059583319956,-0.022776928873677188,0.0,0.0,1.0,,
main_sweep,uniform,7101,650,900,nominal_no_adaptation,gain,5,0.07,1.0,1.0,221,1.0,0.024294496050210605,0.03849508274952629,-0.05084949868458339,0.023512913865100318,0.03695632400495743,0.0,,
main_sweep,uniform,7101,650,900,random_repair,gain,5,0.07,1.0,1.0,221,0.832579185520362,0.03706647190129062,0.09379634686396976,-0.0632616007209917,0.03592501590150866,0.09100896837643951,0.17194570135746606,,
main_sweep,uniform,7101,650,900,single_robust_repair,gain,5,0.07,1.0,1.0,221,0.755656108597285,0.060472231713720896,0.08534308141079128,-0.08603239812009791,0.0586958133006149,0.08238654489758593,0.0,,
main_sweep,uniform,7101,650,900,passive_stat_coarse,gain,5,0.07,1.0,1.0,221,1.0,0.012154376488478912,0.021583847432600223,-0.039044408539910924,0.01170782372042787,0.020556879461547196,0.0,,
main_sweep,uniform,7101,650,900,passive_stat_medium,gain,5,0.07,1.0,1.0,221,1.0,0.00011072954642616044,0.00038543275241509356,-0.027336584819483055,0.0,0.0,1.0,,
main_sweep,uniform,7101,650,900,passive_stat_fine,gain,5,0.07,1.0,1.0,221,0.995475113122172,0.0012712124865323202,0.009302014396782021,-0.028464319489226016,0.0011277346697429575,0.009022235555470028,0.9230769230769231,,
main_sweep,uniform,7101,650,900,passive_vector_nn,gain,5,0.07,1.0,1.0,221,1.0,0.00011072954642616044,0.00038543275241509356,-0.027336584819483055,0.0,0.0,1.0,1.0,0.0
main_sweep,uniform,7101,650,900,nuisance_nearest_neighbor,gain,5,0.07,1.0,1.0,221,0.8371040723981901,0.03215846096867983,0.1006347053221065,-0.0584925716099515,0.031155986790468434,0.09758248013378189,0.36199095022624433,0.36199095022624433,0.0
main_sweep,uniform,7101,650,900,probe_nearest_neighbor,gain,5,0.07,1.0,1.0,221,1.0,0.00011072954642616044,0.00038543275241509356,-0.027336584819483055,0.0,0.0,1.0,1.0,0.0
main_sweep,uniform,7101,650,900,gain_only_sysid,gain,5,0.07,1.0,1.0,221,1.0,0.00011072954642616044,0.00038543275241509356,-0.027336584819483055,0.0,0.0,1.0,,
main_sweep,uniform,7101,650,900,mechanism_first,gain,5,0.07,1.0,1.0,221,1.0,0.00011072954642616044,0.00038543275241509356,-0.027336584819483055,0.0,0.0,1.0,1.0,0.0
main_sweep,uniform,7101,650,900,mechanism_oracle,gain,5,0.07,1.0,1.0,221,1.0,0.00011072954642616044,0.00038543275241509356,-0.027336584819483055,0.0,0.0,1.0,1.0,0.0
main_sweep,uniform,7101,650,900,oracle_best_repair,gain,5,0.07,1.0,1.0,221,1.0,0.00011072954642616044,0.00038543275241509356,-0.027336584819483055,0.0,0.0,1.0,,
main_sweep,uniform,7102,650,900,nominal_no_adaptation,compliance,5,0.07,1.0,1.0,240,1.0,0.0013576282545025922,0.002400816788076021,-0.023983436713293133,0.0010381850734154628,0.0017458296867898342,0.0,,
main_sweep,uniform,7102,650,900,random_repair,compliance,5,0.07,1.0,1.0,240,1.0,0.0036030631739815285,0.013920926648908982,-0.026980328869123434,0.004035077229245754,0.013215608931869603,0.1875,,
main_sweep,uniform,7102,650,900,single_robust_repair,compliance,5,0.07,1.0,1.0,240,1.0,0.0109128057911281,0.015911225280674235,-0.03337395106455927,0.01042869942468164,0.015007052886756245,0.0,,
main_sweep,uniform,7102,650,900,passive_stat_coarse,compliance,5,0.07,1.0,1.0,240,1.0,0.0003011343550196652,0.0006329985249513559,-0.022945251639877682,0.0,0.0,1.0,,
main_sweep,uniform,7102,650,900,passive_stat_medium,compliance,5,0.07,1.0,1.0,240,1.0,0.00015213053497282794,0.0006329985249513559,-0.025303936287718216,0.002358684647840537,0.005103618840702682,0.35,,
main_sweep,uniform,7102,650,900,passive_stat_fine,compliance,5,0.07,1.0,1.0,240,1.0,0.00024256847487536074,0.0006329985249513559,-0.024007666020733162,0.001062414380855485,0.004766239547919524,0.7166666666666667,,
main_sweep,uniform,7102,650,900,passive_vector_nn,compliance,5,0.07,1.0,1.0,240,1.0,0.0003011343550196652,0.0006329985249513559,-0.022945251639877682,0.0,0.0,1.0,1.0,0.0
main_sweep,uniform,7102,650,900,nuisance_nearest_neighbor,compliance,5,0.07,1.0,1.0,240,1.0,0.0034308415157717777,0.013716120902713236,-0.02689174440169208,0.003946492761814418,0.013023104807178058,0.375,0.375,0.0
main_sweep,uniform,7102,650,900,probe_nearest_neighbor,compliance,5,0.07,1.0,1.0,240,1.0,0.0003011343550196652,0.0006329985249513559,-0.022945251639877682,0.0,0.0,1.0,1.0,0.0
main_sweep,uniform,7102,650,900,gain_only_sysid,compliance,5,0.07,1.0,1.0,240,1.0,3.6162138284454953e-06,1.38353606866648e-05,-0.026246667606762877,0.00330141596688521,0.0051643868696640075,0.0,,
main_sweep,uniform,7102,650,900,mechanism_first,compliance,5,0.07,1.0,1.0,240,1.0,0.0003011343550196652,0.0006329985249513559,-0.022945251639877682,0.0,0.0,1.0,1.0,0.0
main_sweep,uniform,7102,650,900,mechanism_oracle,compliance,5,0.07,1.0,1.0,240,1.0,0.0003011343550196652,0.0006329985249513559,-0.022945251639877682,0.0,0.0,1.0,1.0,0.0
main_sweep,uniform,7102,650,900,oracle_best_repair,compliance,5,0.07,1.0,1.0,240,1.0,0.0003011343550196652,0.0006329985249513559,-0.022945251639877682,0.0,0.0,1.0,,
main_sweep,uniform,7102,650,900,nominal_no_adaptation,delay,5,0.07,1.0,1.0,222,0.0,0.19903830704195746,0.23482222335762626,-0.22947994654900208,0.20763527992133426,0.2480304544776893,0.0,,
main_sweep,uniform,7102,650,900,random_repair,delay,5,0.07,1.0,1.0,222,0.40540540540540543,0.10409276589545,0.21689335590689818,-0.14889463416327556,0.12704996753560804,0.2281304522005636,0.24324324324324326,,
main_sweep,uniform,7102,650,900,single_robust_repair,delay,5,0.07,1.0,1.0,222,1.0,0.0064120347193914965,0.011034801068540045,-0.021844666627667556,0.0,0.0,1.0,,
main_sweep,uniform,7102,650,900,passive_stat_coarse,delay,5,0.07,1.0,1.0,222,1.0,0.0064120347193914965,0.011034801068540045,-0.021844666627667556,0.0,0.0,1.0,,
main_sweep,uniform,7102,650,900,passive_stat_medium,delay,5,0.07,1.0,1.0,222,1.0,0.0064120347193914965,0.011034801068540045,-0.021844666627667556,0.0,0.0,1.0,,
main_sweep,uniform,7102,650,900,passive_stat_fine,delay,5,0.07,1.0,1.0,222,1.0,0.0064120347193914965,0.011034801068540045,-0.021844666627667556,0.0,0.0,1.0,,
main_sweep,uniform,7102,650,900,passive_vector_nn,delay,5,0.07,1.0,1.0,222,1.0,0.0064120347193914965,0.011034801068540045,-0.021844666627667556,0.0,0.0,1.0,1.0,0.0
main_sweep,uniform,7102,650,900,nuisance_nearest_neighbor,delay,5,0.07,1.0,1.0,222,0.47297297297297297,0.09177540189953391,0.18500693813200164,-0.13759585237614858,0.1157511857484812,0.2023421866421774,0.25225225225225223,0.25225225225225223,0.0
main_sweep,uniform,7102,650,900,probe_nearest_neighbor,delay,5,0.07,1.0,1.0,222,1.0,0.0064120347193914965,0.011034801068540045,-0.021844666627667556,0.0,0.0,1.0,1.0,0.0
main_sweep,uniform,7102,650,900,gain_only_sysid,delay,5,0.07,1.0,1.0,222,0.963963963963964,0.02502021479613989,0.06098884562778217,-0.10506174734512126,0.08321708071745372,0.1144150414030301,0.0,,
main_sweep,uniform,7102,650,900,mechanism_first,delay,5,0.07,1.0,1.0,222,1.0,0.0064120347193914965,0.011034801068540045,-0.021844666627667556,0.0,0.0,1.0,1.0,0.0
main_sweep,uniform,7102,650,900,mechanism_oracle,delay,5,0.07,1.0,1.0,222,1.0,0.0064120347193914965,0.011034801068540045,-0.021844666627667556,0.0,0.0,1.0,1.0,0.0
main_sweep,uniform,7102,650,900,oracle_best_repair,delay,5,0.07,1.0,1.0,222,1.0,0.0064120347193914965,0.011034801068540045,-0.021844666627667556,0.0,0.0,1.0,,
main_sweep,uniform,7102,650,900,nominal_no_adaptation,gain,5,0.07,1.0,1.0,220,1.0,0.02501280143167124,0.03851363864201085,-0.05170063814298697,0.024195667171230194,0.03697359481932409,0.0,,
main_sweep,uniform,7102,650,900,random_repair,gain,5,0.07,1.0,1.0,220,0.8818181818181818,0.030640180909397335,0.09330108879341492,-0.05717436033964241,0.029669389367885657,0.09053246828489467,0.2318181818181818,,
main_sweep,uniform,7102,650,900,single_robust_repair,gain,5,0.07,1.0,1.0,220,0.7090909090909091,0.06172730636222397,0.08537436321620351,-0.0873992649431074,0.05989429397135071,0.0824159924816138,0.0,,
main_sweep,uniform,7102,650,900,passive_stat_coarse,gain,5,0.07,1.0,1.0,220,1.0,0.012625581600820942,0.02159695302964937,-0.039657422463487045,0.012152451491730252,0.02056892413379596,0.0,,
main_sweep,uniform,7102,650,900,passive_stat_medium,gain,5,0.07,1.0,1.0,220,1.0,0.00012229156835673303,0.00038604123348007224,-0.02750497097175679,0.0,0.0,1.0,,
main_sweep,uniform,7102,650,900,passive_stat_fine,gain,5,0.07,1.0,1.0,220,1.0,0.00026709238903800745,0.0003989569348934463,-0.027645615925108166,0.00014064495335137304,0.0,0.990909090909091,,
main_sweep,uniform,7102,650,900,passive_vector_nn,gain,5,0.07,1.0,1.0,220,1.0,0.00012229156835673303,0.00038604123348007224,-0.02750497097175679,0.0,0.0,1.0,1.0,0.0
main_sweep,uniform,7102,650,900,nuisance_nearest_neighbor,gain,5,0.07,1.0,1.0,220,0.8272727272727273,0.03316196304840972,0.11181703077461158,-0.0596226364542242,0.03211766548246747,0.10830677142529439,0.2772727272727273,0.2772727272727273,0.0
main_sweep,uniform,7102,650,900,probe_nearest_neighbor,gain,5,0.07,1.0,1.0,220,1.0,0.00012229156835673303,0.00038604123348007224,-0.02750497097175679,0.0,0.0,1.0,1.0,0.0
main_sweep,uniform,7102,650,900,gain_only_sysid,gain,5,0.07,1.0,1.0,220,1.0,0.00012229156835673303,0.00038604123348007224,-0.02750497097175679,0.0,0.0,1.0,,
main_sweep,uniform,7102,650,900,mechanism_first,gain,5,0.07,1.0,1.0,220,1.0,0.00012229156835673303,0.00038604123348007224,-0.02750497097175679,0.0,0.0,1.0,1.0,0.0
main_sweep,uniform,7102,650,900,mechanism_oracle,gain,5,0.07,1.0,1.0,220,1.0,0.00012229156835673303,0.00038604123348007224,-0.02750497097175679,0.0,0.0,1.0,1.0,0.0
main_sweep,uniform,7102,650,900,oracle_best_repair,gain,5,0.07,1.0,1.0,220,1.0,0.00012229156835673303,0.00038604123348007224,-0.02750497097175679,0.0,0.0,1.0,,
main_sweep,uniform,7102,650,900,nominal_no_adaptation,slip,5,0.07,1.0,1.0,218,0.6743119266055045,0.150737637034011,0.6776030437623395,-0.19207809109076673,0.1770732496187665,0.7177982022903395,0.0,,
main_sweep,uniform,7102,650,900,random_repair,slip,5,0.07,1.0,1.0,218,0.6743119266055045,0.2641258882606545,1.0,-0.3096799536958533,0.29467511222385284,1.0853587948916363,0.22935779816513763,,
main_sweep,uniform,7102,650,900,single_robust_repair,slip,5,0.07,1.0,1.0,218,1.0,0.007922135923310602,0.02142158633300617,-0.030801693826426304,0.015796852354426308,0.036237130422551056,0.0,,
main_sweep,uniform,7102,650,900,passive_stat_coarse,slip,5,0.07,1.0,1.0,218,1.0,0.00966815624919092,0.027823107860317053,-0.04655248068197289,0.03154763920997289,0.05211012276212221,0.0,,
main_sweep,uniform,7102,650,900,passive_stat_medium,slip,5,0.07,1.0,1.0,218,1.0,0.00037659821376717233,4.915200000010778e-06,-0.015709168276365724,0.0007043268043657511,0.0,0.9724770642201835,,
main_sweep,uniform,7102,650,900,passive_stat_fine,slip,5,0.07,1.0,1.0,218,1.0,0.002881263959171823,0.015480869410305131,-0.02023353017945571,0.0052286887074557455,0.028383210406976212,0.8119266055045872,,
main_sweep,uniform,7102,650,900,passive_vector_nn,slip,5,0.07,1.0,1.0,218,1.0,4.915200000010778e-06,4.915200000010778e-06,-0.015004841471999979,0.0,0.0,1.0,1.0,0.0
main_sweep,uniform,7102,650,900,nuisance_nearest_neighbor,slip,5,0.07,1.0,1.0,218,0.6834862385321101,0.2633281108328925,1.0,-0.30866230790962434,0.2936574664376242,1.0853587948916363,0.26146788990825687,0.26146788990825687,0.0
main_sweep,uniform,7102,650,900,probe_nearest_neighbor,slip,5,0.07,1.0,1.0,218,1.0,4.915200000010778e-06,4.915200000010778e-06,-0.015004841471999979,0.0,0.0,1.0,1.0,0.0
main_sweep,uniform,7102,650,900,gain_only_sysid,slip,5,0.07,1.0,1.0,218,0.6743119266055045,0.21857963677526238,1.0,-0.2672741745859341,0.25226933311393374,1.0853587948916363,0.0,,
main_sweep,uniform,7102,650,900,mechanism_first,slip,5,0.07,1.0,1.0,218,1.0,4.915200000010778e-06,4.915200000010778e-06,-0.015004841471999979,0.0,0.0,1.0,1.0,0.0
main_sweep,uniform,7102,650,900,mechanism_oracle,slip,5,0.07,1.0,1.0,218,1.0,4.915200000010778e-06,4.915200000010778e-06,-0.015004841471999979,0.0,0.0,1.0,1.0,0.0
main_sweep,uniform,7102,650,900,oracle_best_repair,slip,5,0.07,1.0,1.0,218,1.0,4.915200000010778e-06,4.915200000010778e-06,-0.015004841471999979,0.0,0.0,1.0,,
main_sweep,uniform,7103,650,900,nominal_no_adaptation,delay,5,0.07,1.0,1.0,238,0.0,0.19883180446152782,0.23691211040016247,-0.22926977328747575,0.20735171997785384,0.2503275591736276,0.0,,
main_sweep,uniform,7103,650,900,random_repair,delay,5,0.07,1.0,1.0,238,0.40336134453781514,0.10771351223644599,0.22934596638913984,-0.1553628680433957,0.13344481473377365,0.24198917764931624,0.18907563025210083,,
main_sweep,uniform,7103,650,900,single_robust_repair,delay,5,0.07,1.0,1.0,238,1.0,0.00648087194255821,0.0111516744397121,-0.02191805330962207,0.0,0.0,1.0,,
main_sweep,uniform,7103,650,900,passive_stat_coarse,delay,5,0.07,1.0,1.0,238,1.0,0.00648087194255821,0.0111516744397121,-0.02191805330962207,0.0,0.0,1.0,,
main_sweep,uniform,7103,650,900,passive_stat_medium,delay,5,0.07,1.0,1.0,238,1.0,0.00648087194255821,0.0111516744397121,-0.02191805330962207,0.0,0.0,1.0,,
main_sweep,uniform,7103,650,900,passive_stat_fine,delay,5,0.07,1.0,1.0,238,1.0,0.00648087194255821,0.0111516744397121,-0.02191805330962207,0.0,0.0,1.0,,
main_sweep,uniform,7103,650,900,passive_vector_nn,delay,5,0.07,1.0,1.0,238,1.0,0.00648087194255821,0.0111516744397121,-0.02191805330962207,0.0,0.0,1.0,1.0,0.0
main_sweep,uniform,7103,650,900,nuisance_nearest_neighbor,delay,5,0.07,1.0,1.0,238,0.4957983193277311,0.08809453917696321,0.18475610521524566,-0.12908968230966464,0.10717162900004235,0.20260084257613709,0.3235294117647059,0.3235294117647059,0.0
main_sweep,uniform,7103,650,900,probe_nearest_neighbor,delay,5,0.07,1.0,1.0,238,1.0,0.00648087194255821,0.0111516744397121,-0.02191805330962207,0.0,0.0,1.0,1.0,0.0
main_sweep,uniform,7103,650,900,gain_only_sysid,delay,5,0.07,1.0,1.0,238,0.9705882352941176,0.02602057000982526,0.06392224564196403,-0.10606751539814066,0.08414946208851863,0.11718815851409246,0.0,,
main_sweep,uniform,7103,650,900,mechanism_first,delay,5,0.07,1.0,1.0,238,1.0,0.00648087194255821,0.0111516744397121,-0.02191805330962207,0.0,0.0,1.0,1.0,0.0
main_sweep,uniform,7103,650,900,mechanism_oracle,delay,5,0.07,1.0,1.0,238,1.0,0.00648087194255821,0.0111516744397121,-0.02191805330962207,0.0,0.0,1.0,1.0,0.0
main_sweep,uniform,7103,650,900,oracle_best_repair,delay,5,0.07,1.0,1.0,238,1.0,0.00648087194255821,0.0111516744397121,-0.02191805330962207,0.0,0.0,1.0,,
main_sweep,uniform,7103,650,900,nominal_no_adaptation,gain,5,0.07,1.0,1.0,232,1.0,0.025272767319199894,0.03891364966509303,-0.05200748626698444,0.024441466705112314,0.037345740684044566,0.0,,
main_sweep,uniform,7103,650,900,random_repair,gain,5,0.07,1.0,1.0,232,0.8275862068965517,0.037190181942137655,0.11067526545755957,-0.06359322875594643,0.03602720919407429,0.10721327213112879,0.1810344827586207,,
main_sweep,uniform,7103,650,900,single_robust_repair,gain,5,0.07,1.0,1.0,232,0.6681034482758621,0.06218962580126807,0.08604777809987896,-0.08790052831213628,0.060334508750264144,0.08304971799662605,0.0,,
main_sweep,uniform,7103,650,900,passive_stat_coarse,gain,5,0.07,1.0,1.0,232,1.0,0.012797492176031506,0.021879775967464266,-0.03987946977221678,0.012313450210344669,0.02082871145544756,0.0,,
main_sweep,uniform,7103,650,900,passive_stat_medium,gain,5,0.07,1.0,1.0,232,1.0,0.00012760595968072712,0.00039930055593140334,-0.02756601956187211,0.0,0.0,1.0,,
main_sweep,uniform,7103,650,900,passive_stat_fine,gain,5,0.07,1.0,1.0,232,1.0,0.0014188833520519097,0.00942082093514407,-0.028823525781791884,0.0012575062199197693,0.009136072967821991,0.9181034482758621,,
main_sweep,uniform,7103,650,900,passive_vector_nn,gain,5,0.07,1.0,1.0,232,1.0,0.00012760595968072712,0.00039930055593140334,-0.02756601956187211,0.0,0.0,1.0,1.0,0.0
main_sweep,uniform,7103,650,900,nuisance_nearest_neighbor,gain,5,0.07,1.0,1.0,232,0.8017241379310345,0.037622287897133413,0.11172565517974875,-0.06400515939510404,0.03643913983323185,0.1082192715680462,0.2025862068965517,0.2025862068965517,0.0
main_sweep,uniform,7103,650,900,probe_nearest_neighbor,gain,5,0.07,1.0,1.0,232,1.0,0.00012760595968072712,0.00039930055593140334,-0.02756601956187211,0.0,0.0,1.0,1.0,0.0
main_sweep,uniform,7103,650,900,gain_only_sysid,gain,5,0.07,1.0,1.0,232,1.0,0.00012760595968072712,0.00039930055593140334,-0.02756601956187211,0.0,0.0,1.0,,
main_sweep,uniform,7103,650,900,mechanism_first,gain,5,0.07,1.0,1.0,232,1.0,0.00012760595968072712,0.00039930055593140334,-0.02756601956187211,0.0,0.0,1.0,1.0,0.0
main_sweep,uniform,7103,650,900,mechanism_oracle,gain,5,0.07,1.0,1.0,232,1.0,0.00012760595968072712,0.00039930055593140334,-0.02756601956187211,0.0,0.0,1.0,1.0,0.0
main_sweep,uniform,7103,650,900,oracle_best_repair,gain,5,0.07,1.0,1.0,232,1.0,0.00012760595968072712,0.00039930055593140334,-0.02756601956187211,0.0,0.0,1.0,,
main_sweep,uniform,7103,650,900,nominal_no_adaptation,slip,5,0.07,1.0,1.0,216,0.6805555555555556,0.1486128427615197,0.6760298407374534,-0.18953082394344356,0.17452598247144338,0.7162249992654535,0.0,,
main_sweep,uniform,7103,650,900,random_repair,slip,5,0.07,1.0,1.0,216,0.6481481481481481,0.275324185899323,1.0,-0.32160653191936467,0.30660169044736435,1.0853587948916363,0.23148148148148148,,
main_sweep,uniform,7103,650,900,single_robust_repair,slip,5,0.07,1.0,1.0,216,1.0,0.0077794416003527,0.021581076475627237,-0.030454745938687206,0.015449904466687212,0.03646149428354249,0.0,,
main_sweep,uniform,7103,650,900,passive_stat_coarse,slip,5,0.07,1.0,1.0,216,1.0,0.009524674737452176,0.02900417359264107,-0.04624781333207004,0.03124297186007002,0.05703792856934077,0.0,,
main_sweep,uniform,7103,650,900,passive_stat_medium,slip,5,0.07,1.0,1.0,216,1.0,0.00017197211411720044,4.915200000010778e-06,-0.015299297647484458,0.00029445617548447934,0.0,0.9907407407407407,,
main_sweep,uniform,7103,650,900,passive_stat_fine,slip,5,0.07,1.0,1.0,216,1.0,0.002807983519676691,0.017033558178841224,-0.02010941831264,0.0051045768406400354,0.030572553002176085,0.8055555555555556,,
main_sweep,uniform,7103,650,900,passive_vector_nn,slip,5,0.07,1.0,1.0,216,1.0,4.915200000010778e-06,4.915200000010778e-06,-0.015004841471999979,0.0,0.0,1.0,1.0,0.0
main_sweep,uniform,7103,650,900,nuisance_nearest_neighbor,slip,5,0.07,1.0,1.0,216,0.6620370370370371,0.28274467362700717,1.0,-0.3297263604718321,0.3147215189998317,1.0853587948916363,0.2361111111111111,0.2361111111111111,0.0
main_sweep,uniform,7103,650,900,probe_nearest_neighbor,slip,5,0.07,1.0,1.0,216,1.0,4.915200000010778e-06,4.915200000010778e-06,-0.015004841471999979,0.0,0.0,1.0,1.0,0.0
main_sweep,uniform,7103,650,900,gain_only_sysid,slip,5,0.07,1.0,1.0,216,0.6805555555555556,0.19063779438166542,1.0,-0.2368235467845656,0.22181870531256523,1.0853587948916363,0.0,,
main_sweep,uniform,7103,650,900,mechanism_first,slip,5,0.07,1.0,1.0,216,1.0,4.915200000010778e-06,4.915200000010778e-06,-0.015004841471999979,0.0,0.0,1.0,1.0,0.0
main_sweep,uniform,7103,650,900,mechanism_oracle,slip,5,0.07,1.0,1.0,216,1.0,4.915200000010778e-06,4.915200000010778e-06,-0.015004841471999979,0.0,0.0,1.0,1.0,0.0
main_sweep,uniform,7103,650,900,oracle_best_repair,slip,5,0.07,1.0,1.0,216,1.0,4.915200000010778e-06,4.915200000010778e-06,-0.015004841471999979,0.0,0.0,1.0,,
main_sweep,uniform,7103,650,900,nominal_no_adaptation,compliance,5,0.07,1.0,1.0,214,1.0,0.001347782869265131,0.002393803665405092,-0.02395660467464114,0.0010308550991385097,0.0017364861484876863,0.0,,
main_sweep,uniform,7103,650,900,random_repair,compliance,5,0.07,1.0,1.0,214,1.0,0.003949983463197606,0.01304822747812362,-0.02725715640229934,0.004331406826796701,0.012415188598628207,0.18691588785046728,,
main_sweep,uniform,7103,650,900,single_robust_repair,compliance,5,0.07,1.0,1.0,214,1.0,0.010855861297573738,0.01574764540843987,-0.03330090864248082,0.010375159066978163,0.014844094964030535,0.0,,
main_sweep,uniform,7103,650,900,passive_stat_coarse,compliance,5,0.07,1.0,1.0,214,1.0,0.0002987538723480214,0.0006251903086942345,-0.022925749575502655,0.0,0.0,1.0,,
main_sweep,uniform,7103,650,900,passive_stat_medium,compliance,5,0.07,1.0,1.0,214,1.0,0.0001558623747146766,0.0006186576366598029,-0.02515140347325958,0.0022256538977569367,0.0049913630907262516,0.38317757009345793,,
main_sweep,uniform,7103,650,900,passive_stat_fine,compliance,5,0.07,1.0,1.0,214,1.0,0.0002524992741350454,0.0006186576366598029,-0.02349726107281231,0.0005715114973096594,0.004197544007495516,0.8317757009345794,,
main_sweep,uniform,7103,650,900,passive_vector_nn,compliance,5,0.07,1.0,1.0,214,1.0,0.0002987538723480214,0.0006251903086942345,-0.022925749575502655,0.0,0.0,1.0,1.0,0.0
main_sweep,uniform,7103,650,900,nuisance_nearest_neighbor,compliance,5,0.07,1.0,1.0,214,1.0,0.004478083584699332,0.014503450888940672,-0.02783563279808614,0.004909883222583484,0.013776205632391594,0.308411214953271,0.308411214953271,0.0
main_sweep,uniform,7103,650,900,probe_nearest_neighbor,compliance,5,0.07,1.0,1.0,214,1.0,0.0002987538723480214,0.0006251903086942345,-0.022925749575502655,0.0,0.0,1.0,1.0,0.0
main_sweep,uniform,7103,650,900,gain_only_sysid,compliance,5,0.07,1.0,1.0,214,1.0,3.773286926905142e-06,1.4948922012703036e-05,-0.026251581408215156,0.003325831832712514,0.005120541478738708,0.0,,
main_sweep,uniform,7103,650,900,mechanism_first,compliance,5,0.07,1.0,1.0,214,1.0,0.0002987538723480214,0.0006251903086942345,-0.022925749575502655,0.0,0.0,1.0,1.0,0.0
main_sweep,uniform,7103,650,900,mechanism_oracle,compliance,5,0.07,1.0,1.0,214,1.0,0.0002987538723480214,0.0006251903086942345,-0.022925749575502655,0.0,0.0,1.0,1.0,0.0
main_sweep,uniform,7103,650,900,oracle_best_repair,compliance,5,0.07,1.0,1.0,214,1.0,0.0002987538723480214,0.0006251903086942345,-0.022925749575502655,0.0,0.0,1.0,,
main_sweep,uniform,7104,650,900,nominal_no_adaptation,compliance,5,0.07,1.0,1.0,239,1.0,0.0013319694961463342,0.002408724623020886,-0.023902652550242123,0.0010205979995329072,0.001731999124691637,0.0,,
main_sweep,uniform,7104,650,900,random_repair,compliance,5,0.07,1.0,1.0,239,1.0,0.0037895180083075703,0.013051907252630723,-0.026966473917862235,0.004084419367153036,0.012287330815241214,0.18828451882845187,,
main_sweep,uniform,7104,650,900,single_robust_repair,compliance,5,0.07,1.0,1.0,239,1.0,0.010765189275349196,0.01593771367176644,-0.0331735300656651,0.010291475514955878,0.015069744934743903,0.0,,
main_sweep,uniform,7104,650,900,passive_stat_coarse,compliance,5,0.07,1.0,1.0,239,1.0,0.00029340306729651826,0.000637738595442805,-0.022882054550709192,0.0,0.0,1.0,,
main_sweep,uniform,7104,650,900,passive_stat_medium,compliance,5,0.07,1.0,1.0,239,1.0,0.00015690103628173782,0.0006032968803757477,-0.025251958520523983,0.0023699039698147945,0.005076445481670671,0.3598326359832636,,
main_sweep,uniform,7104,650,900,passive_stat_fine,compliance,5,0.07,1.0,1.0,239,1.0,0.00025218949339556366,0.0006032968803757477,-0.02338858787707647,0.0005065333263672723,0.004065316628836857,0.8493723849372385,,
main_sweep,uniform,7104,650,900,passive_vector_nn,compliance,5,0.07,1.0,1.0,239,1.0,0.00029340306729651826,0.000637738595442805,-0.022882054550709192,0.0,0.0,1.0,1.0,0.0
main_sweep,uniform,7104,650,900,nuisance_nearest_neighbor,compliance,5,0.07,1.0,1.0,239,1.0,0.003969245261685593,0.01471034225383272,-0.02716645331230653,0.0042843987615973364,0.01387373877494525,0.3514644351464435,0.3514644351464435,0.0
main_sweep,uniform,7104,650,900,probe_nearest_neighbor,compliance,5,0.07,1.0,1.0,239,1.0,0.00029340306729651826,0.000637738595442805,-0.022882054550709192,0.0,0.0,1.0,1.0,0.0
main_sweep,uniform,7104,650,900,gain_only_sysid,compliance,5,0.07,1.0,1.0,239,1.0,3.548848850447288e-06,1.4573833913233969e-05,-0.02621779578823384,0.003335741237524641,0.005118305261784289,0.0,,
main_sweep,uniform,7104,650,900,mechanism_first,compliance,5,0.07,1.0,1.0,239,1.0,0.00029340306729651826,0.000637738595442805,-0.022882054550709192,0.0,0.0,1.0,1.0,0.0
main_sweep,uniform,7104,650,900,mechanism_oracle,compliance,5,0.07,1.0,1.0,239,1.0,0.00029340306729651826,0.000637738595442805,-0.022882054550709192,0.0,0.0,1.0,1.0,0.0
main_sweep,uniform,7104,650,900,oracle_best_repair,compliance,5,0.07,1.0,1.0,239,1.0,0.00029340306729651826,0.000637738595442805,-0.022882054550709192,0.0,0.0,1.0,,
main_sweep,uniform,7104,650,900,nominal_no_adaptation,delay,5,0.07,1.0,1.0,239,0.0,0.19900504918938403,0.23583238166861742,-0.22944348100387166,0.2075255270185507,0.24914134890096945,0.0,,
main_sweep,uniform,7104,650,900,random_repair,delay,5,0.07,1.0,1.0,239,0.37656903765690375,0.11269298705579671,0.22225669806957626,-0.15771799962161,0.1358000456362891,0.23412035963273667,0.18828451882845187,,
main_sweep,uniform,7104,650,900,single_robust_repair,delay,5,0.07,1.0,1.0,239,1.0,0.006483596164600364,0.011253030628325167,-0.021917953985320822,0.0,0.0,1.0,,
main_sweep,uniform,7104,650,900,passive_stat_coarse,delay,5,0.07,1.0,1.0,239,1.0,0.006483596164600364,0.011253030628325167,-0.021917953985320822,0.0,0.0,1.0,,
main_sweep,uniform,7104,650,900,passive_stat_medium,delay,5,0.07,1.0,1.0,239,1.0,0.006483596164600364,0.011253030628325167,-0.021917953985320822,0.0,0.0,1.0,,
main_sweep,uniform,7104,650,900,passive_stat_fine,delay,5,0.07,1.0,1.0,239,1.0,0.006483596164600364,0.011253030628325167,-0.021917953985320822,0.0,0.0,1.0,,
main_sweep,uniform,7104,650,900,passive_vector_nn,delay,5,0.07,1.0,1.0,239,1.0,0.006483596164600364,0.011253030628325167,-0.021917953985320822,0.0,0.0,1.0,1.0,0.0
main_sweep,uniform,7104,650,900,nuisance_nearest_neighbor,delay,5,0.07,1.0,1.0,239,0.502092050209205,0.08397415364294945,0.1849582344620999,-0.12921889994875033,0.10730094596342944,0.20395697858756182,0.30962343096234307,0.30962343096234307,0.0
main_sweep,uniform,7104,650,900,probe_nearest_neighbor,delay,5,0.07,1.0,1.0,239,1.0,0.006483596164600364,0.011253030628325167,-0.021917953985320822,0.0,0.0,1.0,1.0,0.0
main_sweep,uniform,7104,650,900,gain_only_sysid,delay,5,0.07,1.0,1.0,239,0.9665271966527197,0.026304536387754752,0.06643797786051908,-0.10634783212721262,0.08442987814189179,0.11956509669277315,0.0,,
main_sweep,uniform,7104,650,900,mechanism_first,delay,5,0.07,1.0,1.0,239,1.0,0.006483596164600364,0.011253030628325167,-0.021917953985320822,0.0,0.0,1.0,1.0,0.0
main_sweep,uniform,7104,650,900,mechanism_oracle,delay,5,0.07,1.0,1.0,239,1.0,0.006483596164600364,0.011253030628325167,-0.021917953985320822,0.0,0.0,1.0,1.0,0.0
main_sweep,uniform,7104,650,900,oracle_best_repair,delay,5,0.07,1.0,1.0,239,1.0,0.006483596164600364,0.011253030628325167,-0.021917953985320822,0.0,0.0,1.0,,
main_sweep,uniform,7104,650,900,nominal_no_adaptation,slip,5,0.07,1.0,1.0,223,0.6502242152466368,0.16027032721660925,0.7335670263165959,-0.20227483765791293,0.18726999618591286,0.7737621848445959,0.0,,
main_sweep,uniform,7104,650,900,random_repair,slip,5,0.07,1.0,1.0,223,0.7130044843049327,0.22304434337582268,1.0,-0.265179611183047,0.2501747697110471,1.0853587948916363,0.242152466367713,,
main_sweep,uniform,7104,650,900,single_robust_repair,slip,5,0.07,1.0,1.0,223,1.0,0.008236657670289178,0.024430223857841105,-0.03132517325430049,0.016320331782300492,0.040042514010983285,0.0,,
main_sweep,uniform,7104,650,900,passive_stat_coarse,slip,5,0.07,1.0,1.0,223,1.0,0.010034313881513242,0.027088748811424868,-0.046754780223995124,0.03174993875199515,0.05250658844204337,0.0,,
main_sweep,uniform,7104,650,900,passive_stat_medium,slip,5,0.07,1.0,1.0,223,1.0,8.175619078886163e-05,4.915200000010778e-06,-0.015167690433825496,0.00016284896182552132,0.0,0.9910313901345291,,
main_sweep,uniform,7104,650,900,passive_stat_fine,slip,5,0.07,1.0,1.0,223,1.0,0.001962611098402395,0.014069886149807198,-0.018722199986928832,0.0037173585149288756,0.026767693952135522,0.8475336322869955,,
main_sweep,uniform,7104,650,900,passive_vector_nn,slip,5,0.07,1.0,1.0,223,1.0,4.915200000010778e-06,4.915200000010778e-06,-0.015004841471999977,0.0,0.0,1.0,1.0,0.0
main_sweep,uniform,7104,650,900,nuisance_nearest_neighbor,slip,5,0.07,1.0,1.0,223,0.7399103139013453,0.22774720219851516,1.0,-0.26985417656737726,0.2548493350953769,1.0853587948916363,0.32286995515695066,0.32286995515695066,0.0
main_sweep,uniform,7104,650,900,probe_nearest_neighbor,slip,5,0.07,1.0,1.0,223,1.0,4.915200000010778e-06,4.915200000010778e-06,-0.015004841471999977,0.0,0.0,1.0,1.0,0.0
main_sweep,uniform,7104,650,900,gain_only_sysid,slip,5,0.07,1.0,1.0,223,0.6502242152466368,0.20258211171835186,1.0,-0.2501004110641968,0.23509556959219666,1.0853587948916363,0.0,,
main_sweep,uniform,7104,650,900,mechanism_first,slip,5,0.07,1.0,1.0,223,1.0,4.915200000010778e-06,4.915200000010778e-06,-0.015004841471999977,0.0,0.0,1.0,1.0,0.0
main_sweep,uniform,7104,650,900,mechanism_oracle,slip,5,0.07,1.0,1.0,223,1.0,4.915200000010778e-06,4.915200000010778e-06,-0.015004841471999977,0.0,0.0,1.0,1.0,0.0
main_sweep,uniform,7104,650,900,oracle_best_repair,slip,5,0.07,1.0,1.0,223,1.0,4.915200000010778e-06,4.915200000010778e-06,-0.015004841471999977,0.0,0.0,1.0,,
main_sweep,uniform,7104,650,900,nominal_no_adaptation,gain,5,0.07,1.0,1.0,199,1.0,0.023377225954161265,0.038195051174639505,-0.04973457962379188,0.022632388935559387,0.03667697837028942,0.0,,
main_sweep,uniform,7104,650,900,random_repair,gain,5,0.07,1.0,1.0,199,0.8592964824120602,0.03093505938260994,0.08763229899100444,-0.057083658535970014,0.029981467847737506,0.08453930225859697,0.20603015075376885,,
main_sweep,uniform,7104,650,900,single_robust_repair,gain,5,0.07,1.0,1.0,199,0.7587939698492462,0.05879136503753324,0.08483674860516777,-0.08418166460862338,0.057079473920390866,0.08190978506203692,0.0,,
main_sweep,uniform,7104,650,900,passive_stat_coarse,gain,5,0.07,1.0,1.0,199,1.0,0.011592313639441585,0.02137211700737518,-0.03827282976995561,0.01117063908172311,0.020362209159557387,0.0,,
main_sweep,uniform,7104,650,900,passive_stat_medium,gain,5,0.07,1.0,1.0,199,1.0,0.00010277836138413302,0.0003756750861516611,-0.0271021906882325,0.0,0.0,1.0,,
main_sweep,uniform,7104,650,900,passive_stat_fine,gain,5,0.07,1.0,1.0,199,1.0,0.0008597282519653215,0.009181748420936442,-0.027838626214715795,0.0007364355264832903,0.008906958298449154,0.9296482412060302,,
main_sweep,uniform,7104,650,900,passive_vector_nn,gain,5,0.07,1.0,1.0,199,1.0,0.00010277836138413302,0.0003756750861516611,-0.0271021906882325,0.0,0.0,1.0,1.0,0.0
main_sweep,uniform,7104,650,900,nuisance_nearest_neighbor,gain,5,0.07,1.0,1.0,199,0.8542713567839196,0.033457579168718096,0.105757060605433,-0.059535710346573865,0.03243351965834141,0.10249901456896245,0.25125628140703515,0.25125628140703515,0.0
main_sweep,uniform,7104,650,900,probe_nearest_neighbor,gain,5,0.07,1.0,1.0,199,1.0,0.00010277836138413302,0.0003756750861516611,-0.0271021906882325,0.0,0.0,1.0,1.0,0.0
main_sweep,uniform,7104,650,900,gain_only_sysid,gain,5,0.07,1.0,1.0,199,1.0,0.00010277836138413302,0.0003756750861516611,-0.0271021906882325,0.0,0.0,1.0,,
main_sweep,uniform,7104,650,900,mechanism_first,gain,5,0.07,1.0,1.0,199,1.0,0.00010277836138413302,0.0003756750861516611,-0.0271021906882325,0.0,0.0,1.0,1.0,0.0
main_sweep,uniform,7104,650,900,mechanism_oracle,gain,5,0.07,1.0,1.0,199,1.0,0.00010277836138413302,0.0003756750861516611,-0.0271021906882325,0.0,0.0,1.0,1.0,0.0
main_sweep,uniform,7104,650,900,oracle_best_repair,gain,5,0.07,1.0,1.0,199,1.0,0.00010277836138413302,0.0003756750861516611,-0.0271021906882325,0.0,0.0,1.0,,
main_sweep,uniform,7105,650,900,nominal_no_adaptation,delay,5,0.07,1.0,1.0,218,0.0,0.1991313152070221,0.2332221578709619,-0.2295727946931752,0.20771846082357523,0.246268610689289,0.0,,
main_sweep,uniform,7105,650,900,random_repair,delay,5,0.07,1.0,1.0,218,0.41743119266055045,0.1063302753906597,0.21844804846254706,-0.15408070348881567,0.13222636961921577,0.22987007486819164,0.18807339449541285,,
main_sweep,uniform,7105,650,900,single_robust_repair,delay,5,0.07,1.0,1.0,218,1.0,0.006423055294334412,0.01113384772830972,-0.02185433386959987,0.0,0.0,1.0,,
main_sweep,uniform,7105,650,900,passive_stat_coarse,delay,5,0.07,1.0,1.0,218,1.0,0.006423055294334412,0.01113384772830972,-0.02185433386959987,0.0,0.0,1.0,,
main_sweep,uniform,7105,650,900,passive_stat_medium,delay,5,0.07,1.0,1.0,218,1.0,0.006423055294334412,0.01113384772830972,-0.02185433386959987,0.0,0.0,1.0,,
main_sweep,uniform,7105,650,900,passive_stat_fine,delay,5,0.07,1.0,1.0,218,1.0,0.006423055294334412,0.01113384772830972,-0.02185433386959987,0.0,0.0,1.0,,
main_sweep,uniform,7105,650,900,passive_vector_nn,delay,5,0.07,1.0,1.0,218,1.0,0.006423055294334412,0.01113384772830972,-0.02185433386959987,0.0,0.0,1.0,1.0,0.0
main_sweep,uniform,7105,650,900,nuisance_nearest_neighbor,delay,5,0.07,1.0,1.0,218,0.5596330275229358,0.07848211665805832,0.18477132208360025,-0.12216347740337033,0.10030914353377038,0.20266186852114187,0.3348623853211009,0.3348623853211009,0.0
main_sweep,uniform,7105,650,900,probe_nearest_neighbor,delay,5,0.07,1.0,1.0,218,1.0,0.006423055294334412,0.01113384772830972,-0.02185433386959987,0.0,0.0,1.0,1.0,0.0
main_sweep,uniform,7105,650,900,gain_only_sysid,delay,5,0.07,1.0,1.0,218,0.963302752293578,0.02519089609367195,0.06347707928989665,-0.10523669178975321,0.0833823579201533,0.11676742342190463,0.0,,
main_sweep,uniform,7105,650,900,mechanism_first,delay,5,0.07,1.0,1.0,218,1.0,0.006423055294334412,0.01113384772830972,-0.02185433386959987,0.0,0.0,1.0,1.0,0.0
main_sweep,uniform,7105,650,900,mechanism_oracle,delay,5,0.07,1.0,1.0,218,1.0,0.006423055294334412,0.01113384772830972,-0.02185433386959987,0.0,0.0,1.0,1.0,0.0
main_sweep,uniform,7105,650,900,oracle_best_repair,delay,5,0.07,1.0,1.0,218,1.0,0.006423055294334412,0.01113384772830972,-0.02185433386959987,0.0,0.0,1.0,,
main_sweep,uniform,7105,650,900,nominal_no_adaptation,gain,5,0.07,1.0,1.0,224,1.0,0.02486727922148058,0.038433496156724645,-0.051531623155796784,0.02405814211110125,0.036898997772798744,0.0,,
main_sweep,uniform,7105,650,900,random_repair,gain,5,0.07,1.0,1.0,224,0.8392857142857143,0.03426108313625514,0.11775754478789002,-0.06065560770285309,0.03318212665815755,0.11399034868084885,0.23660714285714285,,
main_sweep,uniform,7105,650,900,single_robust_repair,gain,5,0.07,1.0,1.0,224,0.7142857142857143,0.06148973504419754,0.08523923024353375,-0.08714213519997568,0.05966865415528017,0.082288777091714,0.0,,
main_sweep,uniform,7105,650,900,passive_stat_coarse,gain,5,0.07,1.0,1.0,224,1.0,0.01252487263652048,0.02154035926159248,-0.03953146689591448,0.01205798585121891,0.0205169076158073,0.0,,
main_sweep,uniform,7105,650,900,passive_stat_medium,gain,5,0.07,1.0,1.0,224,1.0,0.00011935519617147347,0.00038341740025771287,-0.027473481044695564,0.0,0.0,1.0,,
main_sweep,uniform,7105,650,900,passive_stat_fine,gain,5,0.07,1.0,1.0,224,1.0,0.0006277765288514875,0.0004333283722510739,-0.027967991578669065,0.0004945105339735068,0.0,0.9553571428571429,,
main_sweep,uniform,7105,650,900,passive_vector_nn,gain,5,0.07,1.0,1.0,224,1.0,0.00011935519617147347,0.00038341740025771287,-0.027473481044695564,0.0,0.0,1.0,1.0,0.0
main_sweep,uniform,7105,650,900,nuisance_nearest_neighbor,gain,5,0.07,1.0,1.0,224,0.8348214285714286,0.031512647311279444,0.09321539868413209,-0.05799365314598028,0.030520172101284725,0.09045001804136966,0.3080357142857143,0.3080357142857143,0.0
main_sweep,uniform,7105,650,900,probe_nearest_neighbor,gain,5,0.07,1.0,1.0,224,1.0,0.00011935519617147347,0.00038341740025771287,-0.027473481044695564,0.0,0.0,1.0,1.0,0.0
main_sweep,uniform,7105,650,900,gain_only_sysid,gain,5,0.07,1.0,1.0,224,1.0,0.00011935519617147347,0.00038341740025771287,-0.027473481044695564,0.0,0.0,1.0,,
main_sweep,uniform,7105,650,900,mechanism_first,gain,5,0.07,1.0,1.0,224,1.0,0.00011935519617147347,0.00038341740025771287,-0.027473481044695564,0.0,0.0,1.0,1.0,0.0
main_sweep,uniform,7105,650,900,mechanism_oracle,gain,5,0.07,1.0,1.0,224,1.0,0.00011935519617147347,0.00038341740025771287,-0.027473481044695564,0.0,0.0,1.0,1.0,0.0
main_sweep,uniform,7105,650,900,oracle_best_repair,gain,5,0.07,1.0,1.0,224,1.0,0.00011935519617147347,0.00038341740025771287,-0.027473481044695564,0.0,0.0,1.0,,
main_sweep,uniform,7105,650,900,nominal_no_adaptation,compliance,5,0.07,1.0,1.0,212,1.0,0.001356366745933738,0.002464876463504906,-0.02400319184143665,0.0010374982453653374,0.0017644176935270352,0.0,,
main_sweep,uniform,7105,650,900,random_repair,compliance,5,0.07,1.0,1.0,212,1.0,0.004255446243861178,0.014115220277214235,-0.027506978456267317,0.004541284860196009,0.013179094623231115,0.20754716981132076,,
main_sweep,uniform,7105,650,900,single_robust_repair,compliance,5,0.07,1.0,1.0,212,1.0,0.01093799274497082,0.016184977721345306,-0.03341977895420918,0.010454085358137894,0.015281539165761783,0.0,,
main_sweep,uniform,7105,650,900,passive_stat_coarse,compliance,5,0.07,1.0,1.0,212,1.0,0.0003005857007393161,0.0006505632331259559,-0.02296569359607128,0.0,0.0,1.0,,
main_sweep,uniform,7105,650,900,passive_stat_medium,compliance,5,0.07,1.0,1.0,212,1.0,0.00015407752982530298,0.0006505632331259559,-0.025270532281669107,0.0023048386855978025,0.005049013396102774,0.3632075471698113,,
main_sweep,uniform,7105,650,900,passive_stat_fine,compliance,5,0.07,1.0,1.0,212,1.0,0.0002576589724418202,0.0006505632331259559,-0.023565110023355818,0.0005994164272845255,0.004137825599404354,0.8301886792452831,,
main_sweep,uniform,7105,650,900,passive_vector_nn,compliance,5,0.07,1.0,1.0,212,1.0,0.0003005857007393161,0.0006505632331259559,-0.02296569359607128,0.0,0.0,1.0,1.0,0.0
main_sweep,uniform,7105,650,900,nuisance_nearest_neighbor,compliance,5,0.07,1.0,1.0,212,1.0,0.003583858996808328,0.014142322481579317,-0.02717206962562909,0.004206376029557806,0.013286253201726668,0.36792452830188677,0.36792452830188677,0.0
main_sweep,uniform,7105,650,900,probe_nearest_neighbor,compliance,5,0.07,1.0,1.0,212,1.0,0.0003005857007393161,0.0006505632331259559,-0.02296569359607128,0.0,0.0,1.0,1.0,0.0
main_sweep,uniform,7105,650,900,gain_only_sysid,compliance,5,0.07,1.0,1.0,212,1.0,3.4930715259330902e-06,1.4987597836135791e-05,-0.026277011048653914,0.0033113174525826053,0.005141654798209123,0.0,,
main_sweep,uniform,7105,650,900,mechanism_first,compliance,5,0.07,1.0,1.0,212,1.0,0.0003005857007393161,0.0006505632331259559,-0.02296569359607128,0.0,0.0,1.0,1.0,0.0
main_sweep,uniform,7105,650,900,mechanism_oracle,compliance,5,0.07,1.0,1.0,212,1.0,0.0003005857007393161,0.0006505632331259559,-0.02296569359607128,0.0,0.0,1.0,1.0,0.0
main_sweep,uniform,7105,650,900,oracle_best_repair,compliance,5,0.07,1.0,1.0,212,1.0,0.0003005857007393161,0.0006505632331259559,-0.02296569359607128,0.0,0.0,1.0,,
main_sweep,uniform,7105,650,900,nominal_no_adaptation,slip,5,0.07,1.0,1.0,246,0.7032520325203252,0.14013920868419363,0.7253407121546118,-0.18102818317519057,0.16602334170319066,0.7655358706826119,0.0,,
main_sweep,uniform,7105,650,900,random_repair,slip,5,0.07,1.0,1.0,246,0.7073170731707317,0.2495216199497242,1.0,-0.29488649959290225,0.2798816581209015,1.0853587948916363,0.1951219512195122,,
main_sweep,uniform,7105,650,900,single_robust_repair,slip,5,0.07,1.0,1.0,246,1.0,0.007768296382349407,0.024145359881527773,-0.030439333434008144,0.015434491962008091,0.03969604921912792,0.0,,
main_sweep,uniform,7105,650,900,passive_stat_coarse,slip,5,0.07,1.0,1.0,246,1.0,0.010200631391112087,0.033422498096609576,-0.04754375523594801,0.032538913763948005,0.06360975156595391,0.0,,
main_sweep,uniform,7105,650,900,passive_stat_medium,slip,5,0.07,1.0,1.0,246,1.0,4.915200000010778e-06,4.915200000010778e-06,-0.015004841471999967,0.0,0.0,1.0,,
main_sweep,uniform,7105,650,900,passive_stat_fine,slip,5,0.07,1.0,1.0,246,1.0,0.0010312929499728346,0.01050924911603024,-0.01696686764543948,0.001962026173439525,0.02123212858026712,0.9186991869918699,,
main_sweep,uniform,7105,650,900,passive_vector_nn,slip,5,0.07,1.0,1.0,246,1.0,4.915200000010778e-06,4.915200000010778e-06,-0.015004841471999967,0.0,0.0,1.0,1.0,0.0
main_sweep,uniform,7105,650,900,nuisance_nearest_neighbor,slip,5,0.07,1.0,1.0,246,0.6585365853658537,0.3124071201622927,1.0,-0.3621403000798946,0.3471354586078934,1.0853587948916363,0.26422764227642276,0.26422764227642276,0.0
main_sweep,uniform,7105,650,900,probe_nearest_neighbor,slip,5,0.07,1.0,1.0,246,1.0,4.915200000010778e-06,4.915200000010778e-06,-0.015004841471999967,0.0,0.0,1.0,1.0,0.0
main_sweep,uniform,7105,650,900,gain_only_sysid,slip,5,0.07,1.0,1.0,246,0.7032520325203252,0.17571942373914223,1.0,-0.2214159707491927,0.20641112927719277,1.0853587948916363,0.0,,
main_sweep,uniform,7105,650,900,mechanism_first,slip,5,0.07,1.0,1.0,246,1.0,4.915200000010778e-06,4.915200000010778e-06,-0.015004841471999967,0.0,0.0,1.0,1.0,0.0
main_sweep,uniform,7105,650,900,mechanism_oracle,slip,5,0.07,1.0,1.0,246,1.0,4.915200000010778e-06,4.915200000010778e-06,-0.015004841471999967,0.0,0.0,1.0,1.0,0.0
main_sweep,uniform,7105,650,900,oracle_best_repair,slip,5,0.07,1.0,1.0,246,1.0,4.915200000010778e-06,4.915200000010778e-06,-0.015004841471999967,0.0,0.0,1.0,,
